{
 "File Format": "apk", 
 "File Name": "com.rovio.angrybirds.apk", 
 "Analysis": {
  "Queries Device ID": true, 
  "Uses Class Loaders": true, 
  "Uses possible string decryption": "Unknown", 
  "Uses Java Crypto Library": true, 
  "Library Apis Used": [
   "android/content", 
   "android/widget", 
   "android/graphics", 
   "java/util/jar", 
   "apache/http/conn", 
   "android/content/res", 
   "android/os", 
   "android/text/format", 
   "apache/http/message", 
   "java/nio/channels", 
   "w3c/dom/ls", 
   "android/database/sqlite", 
   "javax/xml/parsers", 
   "android/text", 
   "apache/http/protocol", 
   "android/graphics/drawable", 
   "android/app", 
   "apache/http/entity", 
   "javax/crypto", 
   "java/lang/reflect", 
   "java/security/spec", 
   "apache/http/params", 
   "android/telephony", 
   "F", 
   "javax/microedition/khronos", 
   "java/io", 
   "java/util/zip", 
   "android/provider", 
   "java/util/regex", 
   "java/text", 
   "android/media", 
   "apache/http", 
   "android/view", 
   "xmlpull/v1", 
   "android/view/inputmethod", 
   "json", 
   "android/opengl", 
   "android/view/animation", 
   "java/net", 
   "java/lang/annotation", 
   "java/rmi/server", 
   "android/net/wifi", 
   "android/util", 
   "javax/xml/namespace", 
   "C", 
   "B", 
   "apache/http/util", 
   "java/beans", 
   "java/nio", 
   "android/database", 
   "java/nio/charset", 
   "android/hardware", 
   "android/webkit", 
   "javax/net/ssl", 
   "javax/crypto/spec", 
   "android/preference", 
   "xml/sax/helpers", 
   "java/math", 
   "android/net", 
   "java/lang", 
   "java/util/concurrent", 
   "android/content/pm", 
   "java/sql", 
   "java/lang/ref", 
   "apache/http/impl", 
   "javax/xml/datatype", 
   "java/security", 
   "android/gesture", 
   "java/util", 
   "apache/http/client", 
   "android/location", 
   "junit/framework", 
   "android/text/method", 
   "xml/sax", 
   "w3c/dom/bootstrap"
  ], 
  "Uses Flurry": true, 
  "Uses Reflection": true, 
  "Checks for Network Connection": true, 
  "Uses External Storage": true, 
  "Contains Dalvik System Calls": false, 
  "Unknown External Dependencies": [
   "thoughtworks/paranamer", 
   "h2/util/lang", 
   "mobclix/android/sdk", 
   "inmobi/androidsdk/ai", 
   "joda/time", 
   "xerial/snappy", 
   "joda/time/format"
  ]
 }, 
 "Time": "2013-07-02 19:09:05.024181"
}