{
 "File Format": "apk", 
 "File Name": "com.netbiscuits.adac.apk", 
 "Analysis": {
  "Queries Device ID": true, 
  "Uses Class Loaders": true, 
  "Uses possible string decryption": "Unknown", 
  "Uses Java Crypto Library": false, 
  "Library Apis Used": [
   "android/util", 
   "android/widget", 
   "android/graphics", 
   "apache/http/conn", 
   "android/content/res", 
   "android/os", 
   "java/lang/ref", 
   "android/graphics/drawable", 
   "android/text", 
   "android/app", 
   "android/content/pm", 
   "apache/http/params", 
   "android/telephony", 
   "java/io", 
   "android/accessibilityservice", 
   "java/util/zip", 
   "android/provider", 
   "apache/http", 
   "android/view", 
   "xmlpull/v1", 
   "json", 
   "java/lang", 
   "android/database", 
   "java/net", 
   "android/net", 
   "android/content", 
   "android/text/format", 
   "android/view/accessibility", 
   "android/view/animation", 
   "J", 
   "android/text/method", 
   "android/preference", 
   "android/support/v4", 
   "java/math", 
   "java/util/concurrent", 
   "java/lang/reflect", 
   "apache/http/client", 
   "apache/http/impl", 
   "android/net/wifi", 
   "java/security", 
   "java/util", 
   "android/animation", 
   "android/location", 
   "android/webkit"
  ], 
  "Uses Flurry": false, 
  "Uses Reflection": true, 
  "Checks for Network Connection": true, 
  "Uses External Storage": true, 
  "Contains Dalvik System Calls": false, 
  "Unknown External Dependencies": [
   "actionbarsherlock/internal/nineoldandroids", 
   "de/spring/mobile"
  ]
 }, 
 "Time": "2013-07-02 19:08:54.445770"
}