{
 "File Format": "apk", 
 "File Name": "gabriel.metronome.apk", 
 "Analysis": {
  "Queries Device ID": true, 
  "Uses Class Loaders": true, 
  "Uses possible string decryption": "Unknown", 
  "Uses Java Crypto Library": true, 
  "Library Apis Used": [
   "apache/http/cookie", 
   "android/widget", 
   "android/graphics", 
   "android/content/res", 
   "android/os", 
   "java/lang/ref", 
   "android/database/sqlite", 
   "android/text", 
   "android/graphics/drawable", 
   "android/app", 
   "javax/crypto", 
   "android/content/pm", 
   "android/telephony", 
   "java/io", 
   "java/util/zip", 
   "android/provider", 
   "java/text", 
   "apache/http", 
   "android/view", 
   "json", 
   "java/lang", 
   "android/database", 
   "java/net", 
   "android/media", 
   "android/net", 
   "android/util", 
   "android/accounts", 
   "android/view/animation", 
   "android/hardware", 
   "android/text/method", 
   "javax/crypto/spec", 
   "android/content", 
   "java/math", 
   "apache/http/client", 
   "android/webkit", 
   "java/security", 
   "java/util", 
   "android/location", 
   "java/lang/reflect", 
   "apache/http/impl"
  ], 
  "Uses Flurry": false, 
  "Uses Reflection": true, 
  "Checks for Network Connection": true, 
  "Uses External Storage": true, 
  "Contains Dalvik System Calls": false, 
  "Unknown External Dependencies": []
 }, 
 "Time": "2013-07-02 19:09:18.661713"
}