{
 "File Format": "apk", 
 "File Name": "la.droid.qr.apk", 
 "Analysis": {
  "Queries Device ID": true, 
  "Uses Class Loaders": true, 
  "Uses possible string decryption": "Unknown", 
  "Uses Java Crypto Library": true, 
  "Library Apis Used": [
   "android/util", 
   "android/widget", 
   "java/awt", 
   "android/graphics", 
   "apache/http/conn", 
   "android/content/res", 
   "android/os", 
   "javax/mail", 
   "android/database/sqlite", 
   "javax/xml/parsers", 
   "android/text", 
   "javax/swing", 
   "android/graphics/drawable", 
   "android/app", 
   "apache/http", 
   "javax/crypto", 
   "android/content/pm", 
   "apache/http/params", 
   "android/telephony", 
   "android/accessibilityservice", 
   "javax/swing/text", 
   "java/io", 
   "android/text/style", 
   "java/util/zip", 
   "android/provider", 
   "java/util/regex", 
   "android/support/v4", 
   "javax/jms", 
   "java/text", 
   "java/util", 
   "java/awt/event", 
   "android/view", 
   "xmlpull/v1", 
   "android/view/inputmethod", 
   "json", 
   "javax/swing/table", 
   "android/view/animation", 
   "android/database", 
   "java/net", 
   "java/lang/annotation", 
   "android/net", 
   "android/appwidget", 
   "android/text/format", 
   "apache/http/util", 
   "java/beans", 
   "java/nio", 
   "javax/swing/tree", 
   "android/view/accessibility", 
   "google/android/maps", 
   "google/zxing/client", 
   "android/hardware", 
   "java/lang/reflect", 
   "javax/net/ssl", 
   "javax/crypto/spec", 
   "android/content", 
   "android/preference", 
   "xml/sax/helpers", 
   "apache/http/entity", 
   "java/math", 
   "javax/swing/event", 
   "android/net/http", 
   "java/lang", 
   "java/util/concurrent", 
   "java/sql", 
   "apache/http/client", 
   "java/lang/ref", 
   "apache/http/impl", 
   "w3c/dom", 
   "java/security", 
   "apache/commons/codec", 
   "javax/management", 
   "android/location", 
   "javax/naming", 
   "android/webkit", 
   "xml/sax", 
   "android/media", 
   "javax/mail/internet"
  ], 
  "Uses Flurry": true, 
  "Uses Reflection": true, 
  "Checks for Network Connection": true, 
  "Uses External Storage": true, 
  "Contains Dalvik System Calls": false, 
  "Unknown External Dependencies": [
   "de/mindpipe/android", 
   "actionbarsherlock/internal/nineoldandroids", 
   "sun/jdmk/comm"
  ]
 }, 
 "Time": "2013-07-02 19:09:32.911246"
}