{
 "File Format": "apk", 
 "File Name": "de.dasoertliche.strandbadguide.android.apk", 
 "Analysis": {
  "Queries Device ID": true, 
  "Uses Class Loaders": true, 
  "Uses possible string decryption": "Unknown", 
  "Uses Java Crypto Library": true, 
  "Library Apis Used": [
   "android/content", 
   "android/widget", 
   "android/graphics", 
   "android/os", 
   "apache/http/message", 
   "java/lang/ref", 
   "android/database/sqlite", 
   "javax/xml/parsers", 
   "android/graphics/drawable", 
   "android/text", 
   "android/app", 
   "apache/http/entity", 
   "javax/crypto", 
   "android/content/pm", 
   "android/telephony", 
   "java/io", 
   "android/accessibilityservice", 
   "android/provider", 
   "java/util/regex", 
   "java/text", 
   "json", 
   "apache/http", 
   "android/view", 
   "xmlpull/v1", 
   "android/view/inputmethod", 
   "java/lang", 
   "android/database", 
   "java/net", 
   "android/media", 
   "android/net", 
   "android/util", 
   "android/text/format", 
   "android/content/res", 
   "android/view/accessibility", 
   "android/view/animation", 
   "java/nio", 
   "J", 
   "android/webkit", 
   "java/nio/charset", 
   "android/hardware", 
   "android/text/method", 
   "javax/crypto/spec", 
   "android/preference", 
   "apache/http/util", 
   "android/support/v4", 
   "java/math", 
   "java/util/concurrent", 
   "java/sql", 
   "apache/http/client", 
   "w3c/dom", 
   "java/security", 
   "java/util", 
   "android/animation", 
   "android/location", 
   "java/lang/reflect", 
   "xml/sax", 
   "apache/http/impl"
  ], 
  "Uses Reflection": true, 
  "Checks for Network Connection": true, 
  "Uses External Storage": true, 
  "Contains Dalvik System Calls": false, 
  "Unknown External Dependencies": [
   "de/it2media/oetb_events_search", 
   "de/dasoertliche/multiapp", 
   "de/it2media/oetb_search", 
   "de/infoware/android", 
   "de/infoware/mobile"
  ]
 }, 
 "Time": "2013-07-01 16:19:50.304729"
}